peak_heights,prominences,left_bases,right_bases,peaks
33.29123432427271,32.81941562161818,1112,4709,1868
502.32280858106816,502.32280858106816,6364,6450,6420
